section,name,type,default,units,dependencies
costOffGrid,costOffGrid.PeakSunHoursPerYear,LEAF_VAR,1320,hours per year,
costOffGrid,costOffGrid.PhotovoltaicPanelAvailableSystemCapacities,LEAF_VAR,1.5 1.0 0.4 0.15 0.075 0.05,kilowatts list,
costOffGrid,costOffGrid.PhotovoltaicPanelCostPerPhotovoltaicComponentKilowatt,LEAF_VAR,6000,dollars per kilowatt,
costOffGrid,costOffGrid.PhotovoltaicBalanceCostAsFractionOfPanelCost,LEAF_VAR,0.5,,
costOffGrid,costOffGrid.PhotovoltaicBatteryKilowattHoursPerPhotovoltaicComponentKilowatt,LEAF_VAR,5,kilowatt-hours per kilowatt,
costOffGrid,costOffGrid.PhotovoltaicBatteryCostPerKilowattHour,LEAF_VAR,400,dollars per kilowatt-hour,
costOffGrid,costOffGrid.PhotovoltaicPanelLifetime,LEAF_VAR,30,years,
costOffGrid,costOffGrid.PhotovoltaicBalanceLifetime,LEAF_VAR,10,years,
costOffGrid,costOffGrid.PhotovoltaicBatteryLifetime,LEAF_VAR,3,years,
costOffGrid,costOffGrid.PhotovoltaicComponentEfficiencyLoss,LEAF_VAR,0.1,fraction,
costOffGrid,costOffGrid.PhotovoltaicComponentOperationsAndMaintenanceCostPerYearAsFractionOfComponentCost,LEAF_VAR,0.05,,
costOffGrid,costOffGrid.DieselGeneratorAvailableSystemCapacities,LEAF_VAR,1000 750 500 400 200 150 100 70 32 19 12 10 8 6,kilowatts list,
costOffGrid,costOffGrid.DieselGeneratorCostPerDieselSystemKilowatt,LEAF_VAR,150,dollars per kilowatt,
costOffGrid,costOffGrid.DieselGeneratorInstallationCostAsFractionOfGeneratorCost,LEAF_VAR,0.25,,
costOffGrid,costOffGrid.DieselGeneratorLifetime,LEAF_VAR,5,years,
costOffGrid,costOffGrid.DieselFuelCostPerLiter,LEAF_VAR,1.08,dollars per liter,
costOffGrid,costOffGrid.DieselFuelLitersConsumedPerKilowattHour,LEAF_VAR,0.5,liters per kilowatt-hour,
costOffGrid,costOffGrid.DieselGeneratorMinimumHoursOfOperationPerYear,LEAF_VAR,1460,hours per year,
costOffGrid,costOffGrid.DieselGeneratorOperationsAndMaintenanceCostPerYearAsFractionOfGeneratorCost,LEAF_VAR,0.01,,
costOffGrid,costOffGrid.PhotovoltaicPanelDesiredSystemCapacity,OTHER,,kilowatts,costOffGrid.PeakSunHoursPerYear;costOffGrid.PhotovoltaicComponentEfficiencyLoss;demand.ProjectedEducationFacilityDemandPerYear;demand.ProjectedHealthFacilityDemandPerYear;demand.ProjectedHouseholdDemandPerYear;demand.ProjectedPublicLightingFacilityDemandPerYear
costOffGrid,costOffGrid.PhotovoltaicPanelActualSystemCapacityCounts,SINGLE_STMT_OTHER,,capacity count list,costOffGrid.PhotovoltaicPanelAvailableSystemCapacities;costOffGrid.PhotovoltaicPanelDesiredSystemCapacity
costOffGrid,costOffGrid.PhotovoltaicPanelActualSystemCapacity,SINGLE_STMT_OTHER,,kilowatts,costOffGrid.PhotovoltaicPanelActualSystemCapacityCounts;costOffGrid.PhotovoltaicPanelAvailableSystemCapacities
costOffGrid,costOffGrid.PhotovoltaicPanelCost,SINGLE_STMT_SIMPLE,,dollars,costOffGrid.PhotovoltaicPanelActualSystemCapacity;costOffGrid.PhotovoltaicPanelCostPerPhotovoltaicComponentKilowatt
costOffGrid,costOffGrid.PhotovoltaicPanelReplacementCostPerYear,SINGLE_STMT_OTHER,,dollars per year,costOffGrid.PhotovoltaicPanelCost;costOffGrid.PhotovoltaicPanelLifetime
costOffGrid,costOffGrid.PhotovoltaicBatteryCost,SINGLE_STMT_SIMPLE,,dollars,costOffGrid.PhotovoltaicBatteryCostPerKilowattHour;costOffGrid.PhotovoltaicBatteryKilowattHoursPerPhotovoltaicComponentKilowatt;costOffGrid.PhotovoltaicPanelActualSystemCapacity
costOffGrid,costOffGrid.PhotovoltaicBatteryReplacementCostPerYear,SINGLE_STMT_OTHER,,dollars per year,costOffGrid.PhotovoltaicBatteryCost;costOffGrid.PhotovoltaicBatteryLifetime
costOffGrid,costOffGrid.PhotovoltaicBalanceCost,SINGLE_STMT_SIMPLE,,dollars,costOffGrid.PhotovoltaicBalanceCostAsFractionOfPanelCost;costOffGrid.PhotovoltaicPanelCost
costOffGrid,costOffGrid.PhotovoltaicBalanceReplacementCostPerYear,SINGLE_STMT_OTHER,,dollars per year,costOffGrid.PhotovoltaicBalanceCost;costOffGrid.PhotovoltaicBalanceLifetime
costOffGrid,costOffGrid.PhotovoltaicComponentInitialCost,SINGLE_STMT_SIMPLE,,dollars,costOffGrid.PhotovoltaicBalanceCost;costOffGrid.PhotovoltaicBatteryCost;costOffGrid.PhotovoltaicPanelCost
costOffGrid,costOffGrid.PhotovoltaicComponentOperationsAndMaintenanceCostPerYear,SINGLE_STMT_SIMPLE,,dollars per year,costOffGrid.PhotovoltaicComponentInitialCost;costOffGrid.PhotovoltaicComponentOperationsAndMaintenanceCostPerYearAsFractionOfComponentCost
costOffGrid,costOffGrid.PhotovoltaicComponentRecurringCostPerYear,SINGLE_STMT_SIMPLE,,dollars per year,costOffGrid.PhotovoltaicBalanceReplacementCostPerYear;costOffGrid.PhotovoltaicBatteryReplacementCostPerYear;costOffGrid.PhotovoltaicComponentOperationsAndMaintenanceCostPerYear;costOffGrid.PhotovoltaicPanelReplacementCostPerYear
costOffGrid,costOffGrid.DieselGeneratorDesiredSystemCapacity,SINGLE_STMT_OTHER,,kilowatts,demand.ProjectedPeakCommercialFacilityDemand;demand.ProjectedPeakProductiveDemand
costOffGrid,costOffGrid.DieselGeneratorActualSystemCapacityCounts,SINGLE_STMT_OTHER,,capacity count list,costOffGrid.DieselGeneratorAvailableSystemCapacities;costOffGrid.DieselGeneratorDesiredSystemCapacity
costOffGrid,costOffGrid.DieselGeneratorActualSystemCapacity,SINGLE_STMT_OTHER,,kilowatts,costOffGrid.DieselGeneratorActualSystemCapacityCounts;costOffGrid.DieselGeneratorAvailableSystemCapacities
costOffGrid,costOffGrid.DieselGeneratorCost,SINGLE_STMT_SIMPLE,,dollars,costOffGrid.DieselGeneratorActualSystemCapacity;costOffGrid.DieselGeneratorCostPerDieselSystemKilowatt
costOffGrid,costOffGrid.DieselGeneratorInstallationCost,SINGLE_STMT_SIMPLE,,dollars,costOffGrid.DieselGeneratorCost;costOffGrid.DieselGeneratorInstallationCostAsFractionOfGeneratorCost
costOffGrid,costOffGrid.DieselGeneratorOperationsAndMaintenanceCostPerYear,SINGLE_STMT_SIMPLE,,dollars per year,costOffGrid.DieselGeneratorCost;costOffGrid.DieselGeneratorOperationsAndMaintenanceCostPerYearAsFractionOfGeneratorCost
costOffGrid,costOffGrid.DieselGeneratorReplacementCostPerYear,SINGLE_STMT_OTHER,,dollars per year,costOffGrid.DieselGeneratorCost;costOffGrid.DieselGeneratorLifetime
costOffGrid,costOffGrid.DieselGeneratorEffectiveHoursOfOperationPerYear,OTHER,,hours per year,costOffGrid.DieselGeneratorActualSystemCapacity;costOffGrid.DieselGeneratorMinimumHoursOfOperationPerYear;demand.ProjectedCommercialFacilityDemandPerYear;demand.ProjectedProductiveDemandPerYear
costOffGrid,costOffGrid.DieselFuelCostPerYear,SINGLE_STMT_SIMPLE,,dollars per year,costOffGrid.DieselFuelCostPerLiter;costOffGrid.DieselFuelLitersConsumedPerKilowattHour;costOffGrid.DieselGeneratorActualSystemCapacity;costOffGrid.DieselGeneratorEffectiveHoursOfOperationPerYear
costOffGrid,costOffGrid.DieselComponentInitialCost,SINGLE_STMT_OTHER,,dollars,costOffGrid.DieselGeneratorCost;costOffGrid.DieselGeneratorInstallationCost
costOffGrid,costOffGrid.DieselComponentRecurringCostPerYear,SINGLE_STMT_OTHER,,dollars per year,costOffGrid.DieselFuelCostPerYear;costOffGrid.DieselGeneratorOperationsAndMaintenanceCostPerYear;costOffGrid.DieselGeneratorReplacementCostPerYear
costOffGrid,costOffGrid.OffGridSystemInitialCost,SINGLE_STMT_SIMPLE,,dollars,costOffGrid.DieselComponentInitialCost;costOffGrid.PhotovoltaicComponentInitialCost
costOffGrid,costOffGrid.OffGridSystemRecurringCostPerYear,SINGLE_STMT_SIMPLE,,dollars per year,costOffGrid.DieselComponentRecurringCostPerYear;costOffGrid.PhotovoltaicComponentRecurringCostPerYear
costOffGrid,costOffGrid.OffGridSystemNodalDiscountedCost,OTHER,,dollars,costOffGrid.OffGridSystemInitialCost;costOffGrid.OffGridSystemRecurringCostPerYear;demand.ProjectedNodalDemandPerYear;finance.DiscountedCashFlowFactor
costOffGrid,costOffGrid.OffGridSystemNodalDiscountedDieselFuelCost,SINGLE_STMT_SIMPLE,,,costOffGrid.DieselFuelCostPerYear;finance.DiscountedCashFlowFactor
costOffGrid,costOffGrid.OffGridSystemNodalDiscountedDieselCost,OTHER,,dollars,costOffGrid.DieselComponentInitialCost;costOffGrid.DieselComponentRecurringCostPerYear;demand.ProjectedNodalDemandPerYear;finance.DiscountedCashFlowFactor
costOffGrid,costOffGrid.OffGridSystemNodalLevelizedCost,OTHER,,dollars per kilowatt-hour,costOffGrid.OffGridSystemNodalDiscountedCost;demand.ProjectedNodalDiscountedDemand
finance,finance.TimeHorizon,LEAF_VAR,10,years,
finance,finance.InterestRatePerYear,LEAF_VAR,0.1,fraction per year,
finance,finance.EconomicGrowthRatePerYear,LEAF_VAR,0.06,fraction per year,
finance,finance.ElasticityOfElectricityDemand,LEAF_VAR,1.5,,
finance,finance.ElectricityDemandGrowthRatePerYear,SINGLE_STMT_OTHER,,fraction per year,finance.EconomicGrowthRatePerYear;finance.ElasticityOfElectricityDemand
finance,finance.ElectricityDemandMultiplier,SINGLE_STMT_SIMPLE,,,finance.ElectricityDemandGrowthRatePerYear;finance.TimeHorizon
finance,finance.DiscountedCashFlowFactor,OTHER,,,finance.InterestRatePerYear;finance.TimeHorizon
demand,demand.HealthFacilityCountCurvePoints,CURVE_POINTS,50 0.16; 500 1.6; 5000 5; 10000 20,population and facility count list,
demand,demand.HealthFacilityCountCurveType,CURVE_TYPE,ZeroLogisticLinear,,
demand,demand.EducationFacilityCountCurvePoints,CURVE_POINTS,50 0.1; 500 1; 5000 3; 10000 15,population and facility count list,
demand,demand.EducationFacilityCountCurveType,CURVE_TYPE,ZeroLogisticLinear,,
demand,demand.CommercialFacilityCountCurvePoints,CURVE_POINTS,50 0.12; 500 1.2; 5000 25; 10000 125,population and facility count list,
demand,demand.CommercialFacilityCountCurveType,CURVE_TYPE,ZeroLogisticLinear,,
demand,demand.PublicLightingFacilityCountCurvePoints,CURVE_POINTS,50 0.1; 500 1; 5000 7; 10000 25,population and facility count list,
demand,demand.PublicLightingFacilityCountCurveType,CURVE_TYPE,ZeroLogisticLinear,,
demand,demand.HealthFacilityCountCurve,CURVE_FUN,,,demand.HealthFacilityCountCurvePoints;demand.HealthFacilityCountCurveType
demand,demand.ProjectedHealthFacilityCount,CURVE_INTERPOLATE,,health facility count,demand.HealthFacilityCountCurve;demographics.ProjectedPopulationCount
demand,demand.EducationFacilityCountCurve,CURVE_FUN,,,demand.EducationFacilityCountCurvePoints;demand.EducationFacilityCountCurveType
demand,demand.ProjectedEducationFacilityCount,CURVE_INTERPOLATE,,education facility count,demand.EducationFacilityCountCurve;demographics.ProjectedPopulationCount
demand,demand.CommercialFacilityCountCurve,CURVE_FUN,,,demand.CommercialFacilityCountCurvePoints;demand.CommercialFacilityCountCurveType
demand,demand.ProjectedCommercialFacilityCount,CURVE_INTERPOLATE,,commercial facility count,demand.CommercialFacilityCountCurve;demographics.ProjectedPopulationCount
demand,demand.PublicLightingFacilityCountCurve,CURVE_FUN,,,demand.PublicLightingFacilityCountCurvePoints;demand.PublicLightingFacilityCountCurveType
demand,demand.ProjectedPublicLightingFacilityCount,CURVE_INTERPOLATE,,public lighting facility count,demand.PublicLightingFacilityCountCurve;demographics.ProjectedPopulationCount
demand,demand.TargetHouseholdPenetrationRate,LEAF_VAR,1,fraction,
demand,demand.HouseholdUnitDemandPerHouseholdPerYear,LEAF_VAR,0,kilowatt-hours per year,
demand,demand.HouseholdDemandCurvePoints,CURVE_POINTS,500 1; 1000 1.56; 5000 6.16; 10000 11.5,population and multiplier list,
demand,demand.HouseholdDemandCurveType,CURVE_TYPE,ZeroLogisticLinear,,
demand,demand.TargetHouseholdCount,SINGLE_STMT_OTHER,,households,demand.TargetHouseholdPenetrationRate;demographics.ProjectedHouseholdCount
demand,demand.HouseholdDemandCurve,CURVE_FUN,,,demand.HouseholdDemandCurvePoints;demand.HouseholdDemandCurveType
demand,demand.ProjectedHouseholdDemandPerYear,CURVE_INTERPOLATE,,kilowatt-hours per year,demand.HouseholdDemandCurve;demand.HouseholdUnitDemandPerHouseholdPerYear;demand.TargetHouseholdCount;demographics.ProjectedPopulationCount;finance.ElectricityDemandMultiplier
demand,demand.ProductiveUnitDemandPerHouseholdPerYear,LEAF_VAR,0,kilowatt-hours per year,
demand,demand.ProductiveDemandCurvePoints,CURVE_POINTS,500 1; 1000 3.06; 5000 3.57; 10000 5.10,population and multiplier list,
demand,demand.ProductiveDemandCurveType,CURVE_TYPE,ZeroLogisticLinear,,
demand,demand.ProductiveDemandCurve,CURVE_FUN,,,demand.ProductiveDemandCurvePoints;demand.ProductiveDemandCurveType
demand,demand.ProjectedProductiveDemandPerYear,CURVE_INTERPOLATE,,kilowatt-hours per year,demand.ProductiveDemandCurve;demand.ProductiveUnitDemandPerHouseholdPerYear;demand.TargetHouseholdCount;demographics.ProjectedPopulationCount;finance.ElectricityDemandMultiplier
demand,demand.HealthFacilityUnitDemandPerHealthFacilityPerYear,LEAF_VAR,0,kilowatt-hours per year,
demand,demand.EducationFacilityUnitDemandPerEducationFacilityPerYear,LEAF_VAR,0,kilowatt-hours per year,
demand,demand.CommercialFacilityUnitDemandPerCommercialFacilityPerYear,LEAF_VAR,0,kilowatt-hours per year,
demand,demand.PublicLightingFacilityUnitDemandPerPublicLightingFacilityPerYear,LEAF_VAR,0,kilowatt-hours per year,
demand,demand.SocialInfrastructureDemandCurvePoints,CURVE_POINTS,500 1; 1000 1.5; 5000 2.25; 10000 3.375,population and multiplier list,
demand,demand.SocialInfrastructureDemandCurveType,CURVE_TYPE,ZeroLogisticLinear,,
demand,demand.SocialInfrastructureDemandCurve,CURVE_FUN,,,demand.SocialInfrastructureDemandCurvePoints;demand.SocialInfrastructureDemandCurveType
demand,demand.ProjectedHealthFacilityDemandPerYear,CURVE_INTERPOLATE,,kilowatt-hours per year,demand.HealthFacilityUnitDemandPerHealthFacilityPerYear;demand.ProjectedHealthFacilityCount;demand.SocialInfrastructureDemandCurve;demographics.ProjectedPopulationCount;finance.ElectricityDemandMultiplier
demand,demand.ProjectedEducationFacilityDemandPerYear,CURVE_INTERPOLATE,,kilowatt-hours per year,demand.EducationFacilityUnitDemandPerEducationFacilityPerYear;demand.ProjectedEducationFacilityCount;demand.SocialInfrastructureDemandCurve;demographics.ProjectedPopulationCount;finance.ElectricityDemandMultiplier
demand,demand.ProjectedCommercialFacilityDemandPerYear,CURVE_INTERPOLATE,,kilowatt-hours per year,demand.CommercialFacilityUnitDemandPerCommercialFacilityPerYear;demand.ProjectedCommercialFacilityCount;demand.SocialInfrastructureDemandCurve;demographics.ProjectedPopulationCount;finance.ElectricityDemandMultiplier
demand,demand.ProjectedPublicLightingFacilityDemandPerYear,CURVE_INTERPOLATE,,kilowatt-hours per year,demand.ProjectedPublicLightingFacilityCount;demand.PublicLightingFacilityUnitDemandPerPublicLightingFacilityPerYear;demand.SocialInfrastructureDemandCurve;demographics.ProjectedPopulationCount;finance.ElectricityDemandMultiplier
demand,demand.ProjectedNodalDemandPerYear,SINGLE_STMT_OTHER,,kilowatt-hours per year,demand.ProjectedCommercialFacilityDemandPerYear;demand.ProjectedEducationFacilityDemandPerYear;demand.ProjectedHealthFacilityDemandPerYear;demand.ProjectedHouseholdDemandPerYear;demand.ProjectedProductiveDemandPerYear;demand.ProjectedPublicLightingFacilityDemandPerYear
demand,demand.ProjectedNodalDiscountedDemand,SINGLE_STMT_SIMPLE,,kilowatt-hours,demand.ProjectedNodalDemandPerYear;finance.DiscountedCashFlowFactor
demand,demand.RuralPeakDemandAsFractionOfNodalDemandOccurringDuringPeakHours,LEAF_VAR,0.4,,
demand,demand.UrbanPeakDemandAsFractionOfNodalDemandOccurringDuringPeakHours,LEAF_VAR,0.4,,
demand,demand.PeakElectricalHoursOfOperationPerYear,LEAF_VAR,1460,hours per year,
demand,demand.PeakDemandAsFractionOfNodalDemandOccurringDuringPeakHours,SINGLE_STMT_OTHER,,,demand.RuralPeakDemandAsFractionOfNodalDemandOccurringDuringPeakHours;demand.UrbanPeakDemandAsFractionOfNodalDemandOccurringDuringPeakHours;demographics.IsRural
demand,demand.DemandToPeakDemandConversionFactor,SINGLE_STMT_OTHER,,,demand.PeakDemandAsFractionOfNodalDemandOccurringDuringPeakHours;demand.PeakElectricalHoursOfOperationPerYear
demand,demand.ProjectedPeakProductiveDemand,SINGLE_STMT_SIMPLE,,kilowatts,demand.DemandToPeakDemandConversionFactor;demand.ProjectedProductiveDemandPerYear
demand,demand.ProjectedPeakCommercialFacilityDemand,SINGLE_STMT_SIMPLE,,kilowatts,demand.DemandToPeakDemandConversionFactor;demand.ProjectedCommercialFacilityDemandPerYear
demand,demand.ProjectedPeakNodalDemand,SINGLE_STMT_SIMPLE,,kilowatts,demand.DemandToPeakDemandConversionFactor;demand.ProjectedNodalDemandPerYear
costGrid,costGrid.DistributionLoss,LEAF_VAR,0.15,fraction,
costGrid,costGrid.GridElectricityCostPerKilowattHour,LEAF_VAR,0.17,dollars per kilowatt-hour,
costGrid,costGrid.GridTransformerAvailableSystemCapacities,LEAF_VAR,1000 900 800 700 600 500 400 300 200 100 90 80 70 60 50 40 30 20 15 5,kilowatts list,
costGrid,costGrid.GridTransformerCostPerGridSystemKilowatt,LEAF_VAR,1000,dollars per kilowatt,
costGrid,costGrid.GridTransformerLifetime,LEAF_VAR,10,years,
costGrid,costGrid.GridTransformerOperationsAndMaintenanceCostPerYearAsFractionOfTransformerCost,LEAF_VAR,0.03,,
costGrid,costGrid.GridInstallationCostPerConnection,LEAF_VAR,130,dollars per connection,
costGrid,costGrid.GridMediumVoltageLineCostPerMeter,LEAF_VAR,20,dollars per meter,
costGrid,costGrid.GridMediumVoltageLineLifetime,LEAF_VAR,30,years,
costGrid,costGrid.GridMediumVoltageLineOperationsAndMaintenanceCostPerYearAsFractionOfLineCost,LEAF_VAR,0.01,,
costGrid,costGrid.GridSocialInfrastructureCount,SINGLE_STMT_SIMPLE,,facility count,demand.ProjectedCommercialFacilityCount;demand.ProjectedEducationFacilityCount;demand.ProjectedHealthFacilityCount;demand.ProjectedPublicLightingFacilityCount
costGrid,costGrid.GridInternalConnectionCount,SINGLE_STMT_SIMPLE,,connection count,costGrid.GridSocialInfrastructureCount;demand.TargetHouseholdCount
costGrid,costGrid.GridTransformerDesiredSystemCapacity,SINGLE_STMT_OTHER,,kilowatts,costGrid.DistributionLoss;demand.ProjectedPeakNodalDemand
costGrid,costGrid.GridTransformerActualSystemCapacityCounts,SINGLE_STMT_OTHER,,capacity count list,costGrid.GridTransformerAvailableSystemCapacities;costGrid.GridTransformerDesiredSystemCapacity
costGrid,costGrid.GridTransformerActualSystemCapacity,SINGLE_STMT_OTHER,,kilowatts,costGrid.GridTransformerActualSystemCapacityCounts;costGrid.GridTransformerAvailableSystemCapacities
costGrid,costGrid.GridInstallationCost,SINGLE_STMT_SIMPLE,,dollars,costGrid.GridInstallationCostPerConnection;costGrid.GridInternalConnectionCount
costGrid,costGrid.LowVoltageLineEquipmentCost,SINGLE_STMT_SIMPLE,,dollars,costDistribution.LowVoltageLineEquipmentCostPerConnection;costGrid.GridInternalConnectionCount
costGrid,costGrid.LowVoltageLineEquipmentOperationsAndMaintenanceCostPerYear,SINGLE_STMT_SIMPLE,,dollars per year,costDistribution.LowVoltageLineEquipmentOperationsAndMaintenanceCostPerYearAsFractionOfEquipmentCost;costGrid.LowVoltageLineEquipmentCost
costGrid,costGrid.GridTransformerCost,SINGLE_STMT_SIMPLE,,dollars,costGrid.GridTransformerActualSystemCapacity;costGrid.GridTransformerCostPerGridSystemKilowatt
costGrid,costGrid.GridTransformerOperationsAndMaintenanceCostPerYear,SINGLE_STMT_SIMPLE,,dollars per year,costGrid.GridTransformerCost;costGrid.GridTransformerOperationsAndMaintenanceCostPerYearAsFractionOfTransformerCost
costGrid,costGrid.GridTransformerReplacementCostPerYear,SINGLE_STMT_OTHER,,dollars per year,costGrid.GridTransformerCost;costGrid.GridTransformerLifetime
costGrid,costGrid.GridElectricityCostPerYear,SINGLE_STMT_OTHER,,dollars per year,costGrid.DistributionLoss;costGrid.GridElectricityCostPerKilowattHour;demand.ProjectedNodalDemandPerYear
costGrid,costGrid.GridInternalSystemInitialCost,SINGLE_STMT_OTHER,,dollars,costDistribution.LowVoltageLineInitialCost;costGrid.GridInstallationCost;costGrid.GridTransformerCost;costGrid.LowVoltageLineEquipmentCost
costGrid,costGrid.GridInternalSystemRecurringCostPerYear,SINGLE_STMT_OTHER,,dollars per year,costDistribution.LowVoltageLineRecurringCostPerYear;costGrid.GridElectricityCostPerYear;costGrid.GridTransformerOperationsAndMaintenanceCostPerYear;costGrid.GridTransformerReplacementCostPerYear;costGrid.LowVoltageLineEquipmentOperationsAndMaintenanceCostPerYear
costGrid,costGrid.GridInternalSystemNodalDiscountedCost,OTHER,,dollars,costGrid.GridInternalSystemInitialCost;costGrid.GridInternalSystemRecurringCostPerYear;demand.ProjectedNodalDemandPerYear;finance.DiscountedCashFlowFactor
costGrid,costGrid.GridInternalSystemNodalLevelizedCost,OTHER,,dollars per kilowatt-hour,costGrid.GridInternalSystemNodalDiscountedCost;demand.ProjectedNodalDiscountedDemand
costGrid,costGrid.GridMediumVoltageLineOperationsAndMaintenanceCostPerMeterPerYear,SINGLE_STMT_SIMPLE,,dollars per meter per year,costGrid.GridMediumVoltageLineCostPerMeter;costGrid.GridMediumVoltageLineOperationsAndMaintenanceCostPerYearAsFractionOfLineCost
costGrid,costGrid.GridMediumVoltageLineReplacementCostPerMeterPerYear,SINGLE_STMT_OTHER,,dollars per meter per year,costGrid.GridMediumVoltageLineCostPerMeter;costGrid.GridMediumVoltageLineLifetime
costGrid,costGrid.GridExternalSystemInitialCostPerMeter,SINGLE_STMT_SIMPLE,,dollars per meter,costGrid.GridMediumVoltageLineCostPerMeter
costGrid,costGrid.GridExternalSystemRecurringCostPerMeterPerYear,SINGLE_STMT_SIMPLE,,dollars per meter per year,costGrid.GridMediumVoltageLineOperationsAndMaintenanceCostPerMeterPerYear;costGrid.GridMediumVoltageLineReplacementCostPerMeterPerYear
costGrid,costGrid.GridExternalSystemNodalDiscountedRecurringCostPerMeter,SINGLE_STMT_SIMPLE,,dollars per meter,costGrid.GridExternalSystemRecurringCostPerMeterPerYear;finance.DiscountedCashFlowFactor
costGrid,costGrid.GridExternalSystemNodalDiscountedCostPerMeter,SINGLE_STMT_SIMPLE,,dollars per meter,costGrid.GridExternalSystemInitialCostPerMeter;costGrid.GridExternalSystemNodalDiscountedRecurringCostPerMeter
costDistribution,costDistribution.LowVoltageLineCostPerMeter,LEAF_VAR,10,dollars per meter,
costDistribution,costDistribution.LowVoltageLineLifetime,LEAF_VAR,10,years,
costDistribution,costDistribution.LowVoltageLineOperationsAndMaintenanceCostPerYearAsFractionOfLineCost,LEAF_VAR,0.01,,
costDistribution,costDistribution.LowVoltageLineEquipmentCostPerConnection,LEAF_VAR,200,dollars per connection,
costDistribution,costDistribution.LowVoltageLineEquipmentOperationsAndMaintenanceCostPerYearAsFractionOfEquipmentCost,LEAF_VAR,0.01,,
costDistribution,costDistribution.LowVoltageLineLength,OTHER,,meters,demand.TargetHouseholdCount;demographics.MeanInterhouseholdDistance
costDistribution,costDistribution.LowVoltageLineInitialCost,SINGLE_STMT_SIMPLE,,dollars,costDistribution.LowVoltageLineCostPerMeter;costDistribution.LowVoltageLineLength
costDistribution,costDistribution.LowVoltageLineOperationsAndMaintenanceCostPerYear,SINGLE_STMT_SIMPLE,,dollars per year,costDistribution.LowVoltageLineCostPerMeter;costDistribution.LowVoltageLineLength;costDistribution.LowVoltageLineOperationsAndMaintenanceCostPerYearAsFractionOfLineCost
costDistribution,costDistribution.LowVoltageLineReplacementCostPerYear,SINGLE_STMT_OTHER,,dollars per year,costDistribution.LowVoltageLineInitialCost;costDistribution.LowVoltageLineLifetime
costDistribution,costDistribution.LowVoltageLineRecurringCostPerYear,SINGLE_STMT_OTHER,,dollars per year,costDistribution.LowVoltageLineOperationsAndMaintenanceCostPerYear;costDistribution.LowVoltageLineReplacementCostPerYear
,Metric,OTHER,,meters,costGrid.GridExternalSystemNodalDiscountedCostPerMeter;costGrid.GridInternalSystemNodalDiscountedCost;costGrid.GridInternalSystemNodalLevelizedCost;costMiniGrid.MiniGridSystemNodalDiscountedCost;costMiniGrid.MiniGridSystemNodalLevelizedCost;costOffGrid.OffGridSystemNodalDiscountedCost;costOffGrid.OffGridSystemNodalLevelizedCost
,System,OTHER,,,costMiniGrid.MiniGridSystemNodalDiscountedCost;costOffGrid.OffGridSystemNodalDiscountedCost;demand.ProjectedNodalDemandPerYear
,OffGridSystemTotal,AGGREGATE,0,count,
,OffGridSystemTotalDiscountedDemand,AGGREGATE,0,kilowatt-hours,
,OffGridSystemTotalDiscountedDieselCost,AGGREGATE,0,dollars,
,OffGridSystemTotalDiscountedDieselFuelCost,AGGREGATE,0,dollars,
,OffGridSystemTotalDiscountedCost,AGGREGATE,0,dollars,
,OffGridSystemTotalLevelizedCost,OTHER,,dollars per kilowatt-hour,OffGridSystemTotalDiscountedCost;OffGridSystemTotalDiscountedDemand
,OffGridSystemTotalInitialCost,AGGREGATE,0,dollars,
,OffGridSystemTotalDiscountedRecurringCost,AGGREGATE,0,dollars,
,MiniGridSystemTotal,AGGREGATE,0,count,
,MiniGridSystemTotalDiscountedEnergyStorageCost,AGGREGATE,0,dollars,
,MiniGridSystemTotalDiscountedGenerationCost,AGGREGATE,0,dollars,
,MiniGridSystemTotalDiscountedCost,AGGREGATE,0,dollars,
,MiniGridSystemTotalDiscountedDemand,AGGREGATE,0,kilowatt-hours,
,MiniGridSystemTotalInitialCost,AGGREGATE,0,dollars,
,MiniGridSystemTotalDiscountedRecurringCost,AGGREGATE,0,dollars,
,MiniGridSystemTotalLevelizedCost,OTHER,,dollars per kilowatt-hour,MiniGridSystemTotalDiscountedCost;MiniGridSystemTotalDiscountedDemand
,GridSystemTotal,AGGREGATE,0,count,
,GridSystemTotalDiscountedDemand,AGGREGATE,0,kilowatt-hours,
,GridSystemTotalExternalInitialCost,AGGREGATE,0,dollars,
,GridSystemTotalExternalDiscountedRecurringCost,AGGREGATE,0,dollars,
,GridSystemTotalDiscountedCost,AGGREGATE,0,dollars,
,GridSystemTotalLevelizedCost,OTHER,,dollars per kilowatt-hour,GridSystemTotalDiscountedCost;GridSystemTotalDiscountedDemand
,GridSystemTotalInternalInitialCost,AGGREGATE,0,dollars,
,GridSystemTotalInternalDiscountedRecurringCost,AGGREGATE,0,dollars,finance.DiscountedCashFlowFactor
,GridSystemTotalInitialCost,SINGLE_STMT_SIMPLE,,dollars,GridSystemTotalExternalInitialCost;GridSystemTotalInternalInitialCost
,GridSystemTotalDiscountedRecurringCost,OTHER,,dollars,GridSystemTotalExternalDiscountedRecurringCost;GridSystemTotalInternalDiscountedRecurringCost
,GridSystemTotalExistingNetworkLength,SINGLE_STMT_OTHER,,meters,
,GridSystemTotalProposedNetworkLength,SINGLE_STMT_OTHER,,meters,
demographics,demographics.PopulationCount,LEAF_VAR,0,person count,
demographics,demographics.RuralPopulationGrowthRatePerYear,LEAF_VAR,0.015,fraction per year,
demographics,demographics.UrbanPopulationGrowthRatePerYear,LEAF_VAR,0.036,fraction per year,
demographics,demographics.RuralMeanHouseholdSize,LEAF_VAR,9.6,person count,
demographics,demographics.UrbanMeanHouseholdSize,LEAF_VAR,7.5,person count,
demographics,demographics.UrbanPopulationThreshold,LEAF_VAR,5000,person count,
demographics,demographics.MeanInterhouseholdDistance,LEAF_VAR,25,meters,
demographics,demographics.ProjectedPopulationCounts,OTHER,,person count list,demographics.PopulationCount;demographics.RuralPopulationGrowthRatePerYear;demographics.UrbanPopulationGrowthRatePerYear;demographics.UrbanPopulationThreshold;finance.TimeHorizon
demographics,demographics.ProjectedPopulationCount,SINGLE_STMT_OTHER,,person count,demographics.ProjectedPopulationCounts
demographics,demographics.IsRural,SINGLE_STMT_OTHER,,binary,demographics.ProjectedPopulationCount;demographics.UrbanPopulationThreshold
demographics,demographics.MeanHouseholdSize,SINGLE_STMT_OTHER,,person count,demographics.IsRural;demographics.RuralMeanHouseholdSize;demographics.UrbanMeanHouseholdSize
demographics,demographics.ProjectedHouseholdCount,SINGLE_STMT_OTHER,,households,demographics.MeanHouseholdSize;demographics.ProjectedPopulationCount
costMiniGrid,costMiniGrid.DistributionLoss,LEAF_VAR,0.1,fraction,
costMiniGrid,costMiniGrid.GenerationAvailableSystemCapacities,LEAF_VAR,1000 750 500 400 200 150 100 70 32 19 12 6,kilowatts list,
costMiniGrid,costMiniGrid.GenerationCostPerSystemKilowatt,LEAF_VAR,150,dollars per kilowatt,
costMiniGrid,costMiniGrid.GenerationInstallationCostAsFractionOfGenerationCost,LEAF_VAR,0.25,fraction,
costMiniGrid,costMiniGrid.GenerationLifetime,LEAF_VAR,5,years,
costMiniGrid,costMiniGrid.EnergyStorageCostPerKilowattHour,LEAF_VAR,0.54,dollars per kilowatt-hour,
costMiniGrid,costMiniGrid.PercentOfDailyKilowattHourLoadRequiringStorage,LEAF_VAR,1.0,fraction,
costMiniGrid,costMiniGrid.MinimumEnergyStorageCapacity,LEAF_VAR,24,kilowatt-hours per day,
costMiniGrid,costMiniGrid.GenerationCapacityFactor,LEAF_VAR,1.0,fraction,
costMiniGrid,costMiniGrid.UtilizationFactor,LEAF_VAR,0.416667,fraction,
costMiniGrid,costMiniGrid.GenerationOperationsAndMaintenanceCostPerYearAsFractionOfGenerationCost,LEAF_VAR,0.01,fraction,
costMiniGrid,costMiniGrid.GenerationDesiredSystemCapacity,OTHER,,kilowatts,costMiniGrid.DistributionLoss;costMiniGrid.GenerationCapacityFactor;costMiniGrid.UtilizationFactor;demand.ProjectedNodalDemandPerYear
costMiniGrid,costMiniGrid.GenerationActualSystemCapacityCounts,SINGLE_STMT_OTHER,,capacity count list,costMiniGrid.GenerationAvailableSystemCapacities;costMiniGrid.GenerationDesiredSystemCapacity
costMiniGrid,costMiniGrid.GenerationActualSystemCapacity,SINGLE_STMT_OTHER,,kilowatts,costMiniGrid.GenerationActualSystemCapacityCounts;costMiniGrid.GenerationAvailableSystemCapacities
costMiniGrid,costMiniGrid.LowVoltageLineEquipmentCost,SINGLE_STMT_SIMPLE,,dollars,costDistribution.LowVoltageLineEquipmentCostPerConnection;demand.TargetHouseholdCount
costMiniGrid,costMiniGrid.LowVoltageLineEquipmentOperationsAndMaintenanceCostPerYear,SINGLE_STMT_SIMPLE,,dollars per year,costDistribution.LowVoltageLineEquipmentOperationsAndMaintenanceCostPerYearAsFractionOfEquipmentCost;costMiniGrid.LowVoltageLineEquipmentCost
costMiniGrid,costMiniGrid.GenerationCost,SINGLE_STMT_SIMPLE,,dollars,costMiniGrid.GenerationActualSystemCapacity;costMiniGrid.GenerationCostPerSystemKilowatt
costMiniGrid,costMiniGrid.GenerationInstallationCost,SINGLE_STMT_SIMPLE,,dollars,costMiniGrid.GenerationCost;costMiniGrid.GenerationInstallationCostAsFractionOfGenerationCost
costMiniGrid,costMiniGrid.GenerationOperationsAndMaintenanceCostPerYear,SINGLE_STMT_SIMPLE,,dollars per year,costMiniGrid.GenerationCost;costMiniGrid.GenerationOperationsAndMaintenanceCostPerYearAsFractionOfGenerationCost
costMiniGrid,costMiniGrid.GenerationReplacementCostPerYear,SINGLE_STMT_OTHER,,dollars per year,costMiniGrid.GenerationCost;costMiniGrid.GenerationLifetime
costMiniGrid,costMiniGrid.EnergyStorageDemandPerYear,OTHER,,kilowatt-hours per year,costMiniGrid.DistributionLoss;costMiniGrid.MinimumEnergyStorageCapacity;costMiniGrid.PercentOfDailyKilowattHourLoadRequiringStorage;demand.ProjectedNodalDemandPerYear
costMiniGrid,costMiniGrid.EnergyStorageCostPerYear,SINGLE_STMT_SIMPLE,,dollars per year,costMiniGrid.EnergyStorageCostPerKilowattHour;costMiniGrid.EnergyStorageDemandPerYear
costMiniGrid,costMiniGrid.MiniGridSystemNodalDiscountedEnergyStorageCost,SINGLE_STMT_SIMPLE,,dollars,costMiniGrid.EnergyStorageCostPerYear;finance.DiscountedCashFlowFactor
costMiniGrid,costMiniGrid.MiniGridSystemInitialGenerationCost,SINGLE_STMT_OTHER,,dollars,costMiniGrid.GenerationCost;costMiniGrid.GenerationInstallationCost
costMiniGrid,costMiniGrid.MiniGridSystemRecurringGenerationCostPerYear,SINGLE_STMT_OTHER,,dollars per year,costMiniGrid.EnergyStorageCostPerYear;costMiniGrid.GenerationOperationsAndMaintenanceCostPerYear;costMiniGrid.GenerationReplacementCostPerYear
costMiniGrid,costMiniGrid.MiniGridSystemNodalDiscountedGenerationCost,SINGLE_STMT_SIMPLE,,dollars,costMiniGrid.MiniGridSystemInitialGenerationCost;costMiniGrid.MiniGridSystemRecurringGenerationCostPerYear;finance.DiscountedCashFlowFactor
costMiniGrid,costMiniGrid.MiniGridSystemInitialCost,SINGLE_STMT_OTHER,,dollars,costDistribution.LowVoltageLineInitialCost;costMiniGrid.GenerationCost;costMiniGrid.GenerationInstallationCost;costMiniGrid.LowVoltageLineEquipmentCost
costMiniGrid,costMiniGrid.MiniGridSystemRecurringCostPerYear,SINGLE_STMT_OTHER,,dollars per year,costDistribution.LowVoltageLineRecurringCostPerYear;costMiniGrid.EnergyStorageCostPerYear;costMiniGrid.GenerationOperationsAndMaintenanceCostPerYear;costMiniGrid.GenerationReplacementCostPerYear;costMiniGrid.LowVoltageLineEquipmentOperationsAndMaintenanceCostPerYear
costMiniGrid,costMiniGrid.MiniGridSystemNodalDiscountedCost,OTHER,,dollars,costMiniGrid.MiniGridSystemInitialCost;costMiniGrid.MiniGridSystemRecurringCostPerYear;demand.ProjectedNodalDemandPerYear;finance.DiscountedCashFlowFactor
costMiniGrid,costMiniGrid.MiniGridSystemNodalLevelizedCost,OTHER,,dollars per kilowatt-hour,costMiniGrid.MiniGridSystemNodalDiscountedCost;demand.ProjectedNodalDiscountedDemand
